token	amount	quote	TVL	%
BTC	0.0000	$91,048.00	$0.00	0.00%
ETH	2.6583	$3,120.47	$8,295.06	7.60%
BNB	0.1000	$633.50	$63.35	0.06%
AVAX	0.0000	$36.94	$0.00	0.00%
QI	0.0000	$0.01568	$0.00000	0.00%
UNDEAD	9912921	$0.01016	$100,757.01	92.34%
