token	amount	quote	TVL	%
BTC	0.0000	$90,892.00	$0.00	0.00%
ETH	2.6711	$3,175.41	$8,481.75	7.05%
BNB	0.1000	$625.68	$62.57	0.05%
AVAX	0.0000	$35.07	$0.00	0.00%
QI	0.0000	$0.01454	$0.00000	0.00%
UNDEAD	9911633	$0.01128	$111,810.66	92.90%
